date,username,to,replies,retweets,favorites,text,geo,mentions,hashtags,id,permalink
2018-12-25 23:01:06,SarahMillican75,GarethBerliner,0,0,4,"Long gone, mate. Long gone.",,,,1077700794990907392,https://twitter.com/SarahMillican75/status/1077700794990907392
2018-12-25 21:32:27,SarahMillican75,cakesmyth,1,0,9,You were all a pleasure to watch. So thank you xx,,,,1077678484925878273,https://twitter.com/SarahMillican75/status/1077678484925878273
2018-12-25 21:22:03,SarahMillican75,,258,717,10864,A big thank you to everyone who has contributed to #joinin today. It is nothing without you. Sending lots of love to those of you who found today hard. I hope the smashers of #joinin helped in some small way. I am lighting a candle for all of those you’ve lost.pic.twitter.com/KFv9TAA2h9,,,#joinin #joinin,1077675867055276032,https://twitter.com/SarahMillican75/status/1077675867055276032
2018-12-25 21:15:57,SarahMillican75,,1,0,15,"@cakesmyth I was rooting for you, pet but very happy @Janebbakes won! Xxx",,@cakesmyth @Janebbakes,,1077674332527169536,https://twitter.com/SarahMillican75/status/1077674332527169536
2018-12-25 20:32:45,SarahMillican75,,70,28,1985,Watching @BritishBakeOff over the top of a very cuddly dog. #joininpic.twitter.com/WwsWHTWGlZ,,@BritishBakeOff,#joininpic,1077663461293867008,https://twitter.com/SarahMillican75/status/1077663461293867008
2018-12-25 20:27:10,SarahMillican75,Lucyspeed,0,0,1,So many excellent jumpers #joinin,,,#joinin,1077662055551905792,https://twitter.com/SarahMillican75/status/1077662055551905792
2018-12-25 20:00:49,SarahMillican75,,44,7,355,Bake Off! Ch4 now. #joinin,,,#joinin,1077655423128403969,https://twitter.com/SarahMillican75/status/1077655423128403969
2018-12-25 19:57:12,SarahMillican75,mrjon1976,1,0,0,Very kind of you. X,,,,1077654511546712064,https://twitter.com/SarahMillican75/status/1077654511546712064
2018-12-25 19:56:44,SarahMillican75,reed_mat,0,0,1,"And to you, lovely. X",,,,1077654397792997379,https://twitter.com/SarahMillican75/status/1077654397792997379
2018-12-25 19:55:39,SarahMillican75,reed_mat,1,1,27,Sending love,,,,1077654123590402053,https://twitter.com/SarahMillican75/status/1077654123590402053
2018-12-25 19:41:24,SarahMillican75,mrjon1976,1,0,5,"Thank you so much for sharing this with us. You’re so strong. If you haven’t read @matthaig1’s book Reasons to Stay Alive, I recommend it. Well done on all of the work you’ve done on yourself and on inspiring others to see their worth too. Much love. #joinin x",,@matthaig1,#joinin,1077650535107444736,https://twitter.com/SarahMillican75/status/1077650535107444736
2018-12-25 19:32:04,SarahMillican75,starsandskates,0,0,1,Haha. Smart. #joinin,,,#joinin,1077648187467460610,https://twitter.com/SarahMillican75/status/1077648187467460610
2018-12-25 19:30:46,SarahMillican75,starsandskates,1,0,3,You must have good teeth. #joinin,,,#joinin,1077647859573551107,https://twitter.com/SarahMillican75/status/1077647859573551107
2018-12-25 19:30:23,SarahMillican75,,27,5,374,I might have a nap before Christmas @BritishBakeOff. Dog is like a hot water bottle. #joininpic.twitter.com/MOWmV7lmeQ,,@BritishBakeOff,#joininpic,1077647765117812736,https://twitter.com/SarahMillican75/status/1077647765117812736
2018-12-25 19:26:02,SarahMillican75,danthesith,0,0,1,Thanks Dan x,,,,1077646670849077251,https://twitter.com/SarahMillican75/status/1077646670849077251
2018-12-25 19:21:25,SarahMillican75,BigPictureLivin,1,2,17,"Sending love, Sharon. #joinin",,,#joinin,1077645506246074370,https://twitter.com/SarahMillican75/status/1077645506246074370
2018-12-25 19:20:25,SarahMillican75,Cage_Nerd,1,0,9,Adorable. Happy Christmas Nanar! #joinin,,,#joinin,1077645257624506368,https://twitter.com/SarahMillican75/status/1077645257624506368
2018-12-25 19:18:38,SarahMillican75,goodmaz_maria,0,0,5,I’m *so* proud of you. #joininpic.twitter.com/nUQtVx4As8,,,#joininpic,1077644807625945089,https://twitter.com/SarahMillican75/status/1077644807625945089
2018-12-25 19:18:03,SarahMillican75,FionaRhiannon,1,0,4,Good lass. I like those ones too. My husband doesn’t. #joininpic.twitter.com/XDbo3ugmiN,,,#joininpic,1077644661567733760,https://twitter.com/SarahMillican75/status/1077644661567733760
2018-12-25 19:16:23,SarahMillican75,HMSACharity,6,3,65,"It’s 8 o’clock somewhere, right? #joinin",,,#joinin,1077644242686787584,https://twitter.com/SarahMillican75/status/1077644242686787584
2018-12-25 19:15:28,SarahMillican75,meliamartin_,0,0,6,Never alone. X #joinin,,,#joinin,1077644008934031361,https://twitter.com/SarahMillican75/status/1077644008934031361
2018-12-25 19:14:46,SarahMillican75,CharleyNicholls,0,0,2,Well done Charley. You did it. #joinin,,,#joinin,1077643834853650433,https://twitter.com/SarahMillican75/status/1077643834853650433
2018-12-25 19:12:34,SarahMillican75,PuiakaPanda,0,0,5,Hello from the UK! Paddington is a great film. The sequel is too. #joinin x,,,#joinin,1077643279527788551,https://twitter.com/SarahMillican75/status/1077643279527788551
2018-12-25 19:11:52,SarahMillican75,lisaanngregg,1,0,8,Have you been shopping in Kangaroos? #pouches #joininpic.twitter.com/DzUS8pxEgA,,,#pouches #joininpic,1077643102783967233,https://twitter.com/SarahMillican75/status/1077643102783967233
2018-12-25 19:08:34,SarahMillican75,,3,30,140,"If you need a laugh, here is a BEST OF our chats with ace funny women featuring @ferrifrump @thelizcarr @destheray @Jo_Caulfield @scummymummies #RuthJones, @Roisinconaty @Sianygibby @BridgetChristie & more plus me & the @StandardIssueUK team. https://play.acast.com/s/standardissuespodcast/simep177-2018gigcastcompilation?autoplay … #joinin",,@ferrifrump @thelizcarr @destheray @Jo_Caulfield @scummymummies @Roisinconaty @Sianygibby @BridgetChristie @StandardIssueUK,#RuthJones #joinin,1077642274446761984,https://twitter.com/SarahMillican75/status/1077642274446761984
2018-12-25 18:59:55,SarahMillican75,,18,213,840,"If anyone needs a mental health pick me up, this half hour chat with brilliant writer @matthaig1 is easily consumed and a good help. https://aca.st/23c913 @StandardIssueUK #joinin",,@matthaig1 @StandardIssueUK,#joinin,1077640095530921984,https://twitter.com/SarahMillican75/status/1077640095530921984
2018-12-25 18:43:27,SarahMillican75,BeardedGenius,2,0,4,Thanks x,,,,1077635953311789056,https://twitter.com/SarahMillican75/status/1077635953311789056
2018-12-25 18:41:33,SarahMillican75,SarkySod6,0,0,5,"Well, that would be very handy. #joinin",,,#joinin,1077635476381753344,https://twitter.com/SarahMillican75/status/1077635476381753344
2018-12-25 18:40:36,SarahMillican75,RachMJ87,4,0,31,"Agreed. It’s a very helpful book, Sophie. #joinin",,,#joinin,1077635238107451393,https://twitter.com/SarahMillican75/status/1077635238107451393
2018-12-25 18:36:16,SarahMillican75,miss_acf,35,7,182,"Absolutely. You are the only person who eats them, I think. #joininhttps://twitter.com/miss_acf/status/1077633559022714880 …",,,#joininhttps,1077634144396627973,https://twitter.com/SarahMillican75/status/1077634144396627973
2018-12-25 18:34:01,SarahMillican75,Melvinodoom,0,0,7,"Merry Christmas, Sir.",,,,1077633578874404864,https://twitter.com/SarahMillican75/status/1077633578874404864
2018-12-25 18:33:14,SarahMillican75,LPC1231,0,0,0,Forgiven. So glad you had a good time. #joinin. Whereabouts (town not address) do you live and we can shout on here and see if anyone needs someone in IT. X,,,#joinin,1077633382799032320,https://twitter.com/SarahMillican75/status/1077633382799032320
2018-12-25 18:30:09,SarahMillican75,transkid0,6,13,292,You’re not alone. There’s so many people here happy to chat to you. Don’t forget you can ring @samaritans on 116123 if you need to. Xxx #joinin,,@samaritans,#joinin,1077632607586865152,https://twitter.com/SarahMillican75/status/1077632607586865152
2018-12-25 18:28:19,SarahMillican75,kitty2dakat,3,2,23,"I’m pretty sure the #joinin247 one is still going for that very reason. Not my doing, but a bunch of smashers.",,,#joinin247,1077632145949147141,https://twitter.com/SarahMillican75/status/1077632145949147141
2018-12-25 18:27:01,SarahMillican75,,339,52,3220,"Time now for chocolate, yes? #joininpic.twitter.com/uiMZHuupKX",,,#joininpic,1077631816184455168,https://twitter.com/SarahMillican75/status/1077631816184455168
2018-12-25 17:49:25,SarahMillican75,ekd1v07,13,0,51,"Agreed. We do ours with runner beans, lardons, onion and garlic. YUM. #joininpic.twitter.com/FLPV9V7FcL",,,#joininpic,1077622355583778816,https://twitter.com/SarahMillican75/status/1077622355583778816
2018-12-25 17:45:48,SarahMillican75,AmiraTharani,6,31,233,Joyous. #joininhttps://twitter.com/AmiraTharani/status/1077619706234896386 …,,,#joininhttps,1077621447571456002,https://twitter.com/SarahMillican75/status/1077621447571456002
2018-12-25 17:39:05,SarahMillican75,,37,4,255,Oh just missed the beginning of @bbcstrictly. BBC1 now if you fancy it. X,,@bbcstrictly,,1077619756692373504,https://twitter.com/SarahMillican75/status/1077619756692373504
2018-12-25 16:06:43,SarahMillican75,,94,57,1242,Reminder that Michael Caine’s best film A Muppet’s Christmas Carol is starting on @Channel4 right now. Get on it. #joinin,,@Channel4,#joinin,1077596509737283584,https://twitter.com/SarahMillican75/status/1077596509737283584
2018-12-25 15:56:21,SarahMillican75,jeanz04555810,0,0,1,Just look for @StandardIssueUK on @acast or @iTunes x,,@StandardIssueUK @acast @iTunes,,1077593900326535168,https://twitter.com/SarahMillican75/status/1077593900326535168
2018-12-25 15:55:06,SarahMillican75,,63,230,1802,A top up of love to all those using the #joinin hashtag. You are filling my heart and each others’ with joy. Remember to always include the hashtag #joinin and don’t wait for someone to chat to you. Just dive in and get chatting. X,,,#joinin #joinin,1077593587200724992,https://twitter.com/SarahMillican75/status/1077593587200724992
2018-12-25 15:45:31,SarahMillican75,StandardIssueUK,5,24,106,"If you need a laugh, here is our best of 2018 in conversation events. So many funny women enclosed. Enjoy. #joininhttps://twitter.com/StandardIssueUK/status/1077504409892999168 …",,,#joininhttps,1077591175861886976,https://twitter.com/SarahMillican75/status/1077591175861886976
2018-12-25 15:30:32,SarahMillican75,transkid0,0,1,37,Well that is joyous. Bless them for trying. That’s a bloody good start.,,,,1077587405958533120,https://twitter.com/SarahMillican75/status/1077587405958533120
2018-12-25 15:18:35,SarahMillican75,janehill64,0,0,0,I’ll have a read of that. Thanks x,,,,1077584395211603974,https://twitter.com/SarahMillican75/status/1077584395211603974
2018-12-25 15:07:46,SarahMillican75,janehill64,1,0,0,Very odd isn’t it?,,,,1077581673884250112,https://twitter.com/SarahMillican75/status/1077581673884250112
2018-12-25 15:02:16,SarahMillican75,Tee60uk,2,2,53,"Everyone is welcome, Teresa. So sorry for your loss. I don’t think chatting to your dad about this sort of stuff would spoil his day. But you can always chat to us, if you’d rather. Today can be hard. But it’s just a day. Sending lots of love. You’re doing great. #joinin",,,#joinin,1077580291882008577,https://twitter.com/SarahMillican75/status/1077580291882008577
2018-12-25 14:52:44,SarahMillican75,TheSharktonaut,0,0,15,"And to you, gorgeous xx",,,,1077577892618555398,https://twitter.com/SarahMillican75/status/1077577892618555398
2018-12-25 14:51:03,SarahMillican75,TheSharktonaut,1,0,45,Good for you. Sending love. #joinin,,,#joinin,1077577466527576070,https://twitter.com/SarahMillican75/status/1077577466527576070
2018-12-25 14:50:12,SarahMillican75,dook_durham,0,2,93,So sorry to hear that. Sending lots of love to you both. #joinin,,,#joinin,1077577254421651456,https://twitter.com/SarahMillican75/status/1077577254421651456
2018-12-25 14:48:34,SarahMillican75,princessarlene,0,0,11,So sorry to hear of your loss. Sending you lots of love. #joinin,,,#joinin,1077576842335436806,https://twitter.com/SarahMillican75/status/1077576842335436806
2018-12-25 14:48:05,SarahMillican75,CounterOfSheep,1,0,4,That looks so good! #joinin,,,#joinin,1077576721120018437,https://twitter.com/SarahMillican75/status/1077576721120018437
2018-12-25 14:47:03,SarahMillican75,hyggemusings,16,3,129,Good plan. What are you crocheting at the mo? #joininhttps://twitter.com/hyggemusings/status/1077576126699061248 …,,,#joininhttps,1077576460473389056,https://twitter.com/SarahMillican75/status/1077576460473389056
2018-12-25 14:45:05,SarahMillican75,NigelBradbury77,9,10,828,"Sheesh. Your brother sounds like a piece of work. You are wise to walk away. He is not worth your time. Come and spend time with us. Sending so much love, Nigel. #joinin",,,#joinin,1077575966334074881,https://twitter.com/SarahMillican75/status/1077575966334074881
2018-12-25 14:43:42,SarahMillican75,EmmaHSinger,6,0,25,I love love LOVE @DearEvanHansen. I’ve seen it 3 times. It’s beautiful. #joinin,,@DearEvanHansen,#joinin,1077575618059997184,https://twitter.com/SarahMillican75/status/1077575618059997184
2018-12-25 14:42:18,SarahMillican75,BlondeHistorian,2,0,1,That looks amazing. #joinin,,,#joinin,1077575265755324416,https://twitter.com/SarahMillican75/status/1077575265755324416
2018-12-25 14:41:12,SarahMillican75,MaybeMoody,0,0,23,So sorry you’re having a tough time. Sending lots of love. We’re here if you want to chat. #joinin,,,#joinin,1077574990097203204,https://twitter.com/SarahMillican75/status/1077574990097203204
2018-12-25 14:40:08,SarahMillican75,HandsHead,15,3,223,Same hashtag. Have you got a toilet? Could you fake the shits for some peace? #joinin,,,#joinin,1077574719430377472,https://twitter.com/SarahMillican75/status/1077574719430377472
2018-12-25 14:39:17,SarahMillican75,ClareOrpe,1,0,1,What a little smasher. #joinin,,,#joinin,1077574508586954755,https://twitter.com/SarahMillican75/status/1077574508586954755
2018-12-25 14:38:40,SarahMillican75,Jojolene21,1,0,4,"That looks glorious, Jo. #joinin",,,#joinin,1077574351749287939,https://twitter.com/SarahMillican75/status/1077574351749287939
2018-12-25 14:37:57,SarahMillican75,YetWorrious,1,0,0,Film! Which film though? #joinin,,,#joinin,1077574170311970816,https://twitter.com/SarahMillican75/status/1077574170311970816
2018-12-25 14:36:51,SarahMillican75,byronb1986,2,1,29,You’re doing great. It’s not your fault that christmas can sometimes be the absolute pits. Don’t beat yourself up. You’re doing great. Xx #joinin,,,#joinin,1077573892900880385,https://twitter.com/SarahMillican75/status/1077573892900880385
2018-12-25 14:36:04,SarahMillican75,Katie_Charity,2,0,23,You’re doing great Katie. Stay strong. Taking it at your own pace is a good idea. We’re not eating til 5. Chance for another meal in between! #joinin,,,#joinin,1077573699522433025,https://twitter.com/SarahMillican75/status/1077573699522433025
2018-12-25 14:34:42,SarahMillican75,,38,4,433,#JoinIn Sleepy Tuvok on my knee.pic.twitter.com/gHJyr0Fs6m,,,#JoinIn,1077573354910044160,https://twitter.com/SarahMillican75/status/1077573354910044160
2018-12-25 14:31:57,SarahMillican75,Chally75,2,1,1,They look amazing! Get them open. #joinin,,,#joinin,1077572662937964550,https://twitter.com/SarahMillican75/status/1077572662937964550
2018-12-25 14:31:25,SarahMillican75,serenzie,1,0,2,Plus you don’t have to hoover or get any food in for them. #joinin,,,#joinin,1077572526417633283,https://twitter.com/SarahMillican75/status/1077572526417633283
2018-12-25 14:30:27,SarahMillican75,RockyMountViews,1,0,1,"Hi, this is for people who feel lonely. There are many who are on their own by choice and that’s great. This is not for them. Thanks.",,,,1077572285547069441,https://twitter.com/SarahMillican75/status/1077572285547069441
2018-12-25 14:28:22,SarahMillican75,tymes25,0,0,1,Thanks Sharon. I’ve always thought you were a smasher. I’m coming to Canada on tour next year. Woop! Sending love xx #joinin,,,#joinin,1077571760453795841,https://twitter.com/SarahMillican75/status/1077571760453795841
2018-12-25 14:24:10,SarahMillican75,janehill64,2,0,5,You’re missing 7 Bridges on Ch5. In case you have the urge to be thrown over a shoulder and sung at.,,,,1077570703526948865,https://twitter.com/SarahMillican75/status/1077570703526948865
2018-12-25 14:23:33,SarahMillican75,Chally75,18,4,101,"Yes, especially since shortly after that photo was taken, we caught our ginger Tom, Brody, licking them. #joininhttps://twitter.com/Chally75/status/1077568069994713090 …",,,#joininhttps,1077570549302419456,https://twitter.com/SarahMillican75/status/1077570549302419456
2018-12-25 14:21:37,SarahMillican75,SupportBones,1,2,14,Thank you! We are all here. #joinin,,,#joinin,1077570060389150721,https://twitter.com/SarahMillican75/status/1077570060389150721
2018-12-25 14:20:52,SarahMillican75,Smo_1982,0,0,1,Beautiful. #christmasgoals #joinin,,,#christmasgoals #joinin,1077569871234379776,https://twitter.com/SarahMillican75/status/1077569871234379776
2018-12-25 14:20:09,SarahMillican75,KarenMMcCormack,2,0,3,"Karen, are you a biscuit expert? For that, you can have that biscuit! #joinin",,,#joinin,1077569692452249600,https://twitter.com/SarahMillican75/status/1077569692452249600
2018-12-25 14:19:11,SarahMillican75,kingsharon9,4,0,21,"Oh Sharon, that’s so sad. I’m so sorry for your loss. Have you got anyone with you? #joinin",,,#joinin,1077569448960241664,https://twitter.com/SarahMillican75/status/1077569448960241664
2018-12-25 14:17:45,SarahMillican75,Mr_Picard,1,0,0,That film I was telling you about has just started on Channel 5. X,,,,1077569086232629249,https://twitter.com/SarahMillican75/status/1077569086232629249
2018-12-25 13:43:26,SarahMillican75,kirstystew,0,0,9,Agreed.,,,,1077560452111044608,https://twitter.com/SarahMillican75/status/1077560452111044608
2018-12-25 13:42:30,SarahMillican75,diabetic_me,4,0,14,I don’t even know what that is. Are you a good actor then? Pretending not to be pissed but actually being all #joininpic.twitter.com/irZfoMqmGx,,,#joininpic,1077560214960959488,https://twitter.com/SarahMillican75/status/1077560214960959488
2018-12-25 13:41:28,SarahMillican75,tm_spencer,1,0,2,THANK YOU VERY MUCH. THANK YOU VERY MUCH. THAT’S THE NICEST THING THAT ANYONE HAS EVER DONE. FOR. ME.,,,,1077559956331790336,https://twitter.com/SarahMillican75/status/1077559956331790336
2018-12-25 13:40:16,SarahMillican75,tm_spencer,0,0,1,,,,,1077559656703291392,https://twitter.com/SarahMillican75/status/1077559656703291392
2018-12-25 13:40:01,SarahMillican75,adsmills,7,1,111,"Oh he can handle more than this, I’m sure. That’s a proper deep sleep. #joininhttps://twitter.com/adsmills/status/1077553323585220608 …",,,#joininhttps,1077559594010976256,https://twitter.com/SarahMillican75/status/1077559594010976256
2018-12-25 13:38:15,SarahMillican75,nrem511,0,0,1,,,,,1077559148072628226,https://twitter.com/SarahMillican75/status/1077559148072628226
2018-12-25 13:35:58,SarahMillican75,Rachellee134,0,0,5,Haha. #joinin,,,#joinin,1077558573423644672,https://twitter.com/SarahMillican75/status/1077558573423644672
2018-12-25 13:35:11,SarahMillican75,linzirob,13,1,98,Swan Lake and Bake off. Good plans. #joininhttps://twitter.com/linzirob/status/1077557632888651776 …,,,#joininhttps,1077558375825764352,https://twitter.com/SarahMillican75/status/1077558375825764352
2018-12-25 13:34:13,SarahMillican75,janehill64,1,0,6,I fucking love that film. #joinin,,,#joinin,1077558132031832064,https://twitter.com/SarahMillican75/status/1077558132031832064
2018-12-25 13:33:46,SarahMillican75,Rachellee134,1,1,11,Have you lost the remote? #joinin,,,#joinin,1077558017288228865,https://twitter.com/SarahMillican75/status/1077558017288228865
2018-12-25 13:33:06,SarahMillican75,ricklovelydrink,2,0,7,What do you want to chat about then? #joinin,,,#joinin,1077557849650315264,https://twitter.com/SarahMillican75/status/1077557849650315264
2018-12-25 13:32:32,SarahMillican75,SurreyPolice,1,0,15,We are very grateful to you and all of the other police working today. #joinin,,,#joinin,1077557708067389440,https://twitter.com/SarahMillican75/status/1077557708067389440
2018-12-25 13:31:57,SarahMillican75,TahreenDewan,0,0,3,Tahreen is wise. She is totally right. #joinin xxxx,,,#joinin,1077557562613075969,https://twitter.com/SarahMillican75/status/1077557562613075969
2018-12-25 13:26:44,SarahMillican75,sezl,1,0,1,Amazing. I expect a lot of pics on FB. X,,,,1077556248122441728,https://twitter.com/SarahMillican75/status/1077556248122441728
2018-12-25 13:26:23,SarahMillican75,yozzie_osman,16,8,142,Oh thanks Yozzie! MUPPETS CHRISTMAS CAROL!!https://twitter.com/yozzie_osman/status/1077555672072507392 …,,,,1077556160847331328,https://twitter.com/SarahMillican75/status/1077556160847331328
2018-12-25 13:22:27,SarahMillican75,sezl,1,0,3,Puppies!! #joinin,,,#joinin,1077555172950315009,https://twitter.com/SarahMillican75/status/1077555172950315009
2018-12-25 13:20:58,SarahMillican75,janehill64,2,1,61,Oooh Bake Off. Yes please.https://twitter.com/janehill64/status/1077546023436701698 …,,,,1077554796415074306,https://twitter.com/SarahMillican75/status/1077554796415074306
2018-12-25 13:20:28,SarahMillican75,janehill64,1,0,6,"That’s all of them, isn’t it? #joinin",,,#joinin,1077554673601732608,https://twitter.com/SarahMillican75/status/1077554673601732608
2018-12-25 13:17:46,SarahMillican75,nrem511,1,0,11,Raising my mug to him now. Sending lots of love. #joininpic.twitter.com/fVMp4594Ys,,,#joininpic,1077553992065056769,https://twitter.com/SarahMillican75/status/1077553992065056769
2018-12-25 13:16:36,SarahMillican75,leed1973,2,0,21,"Hiya Lee, got any plans for today? Any choccies or cheese squirrelled away? What are you watching later? #joinin",,,#joinin,1077553699688509440,https://twitter.com/SarahMillican75/status/1077553699688509440
2018-12-25 13:15:39,SarahMillican75,theardentwake,0,0,0,"That is a great fact. Also, I think you just have what you want. Screw traditions indeed. #joinin",,,#joinin,1077553461070307328,https://twitter.com/SarahMillican75/status/1077553461070307328
2018-12-25 13:14:46,SarahMillican75,SamPritchard,10,1,162,"#joinin my dog, Commander Tuvok.pic.twitter.com/UqfWwmzJK5",,,#joinin,1077553236058484736,https://twitter.com/SarahMillican75/status/1077553236058484736
2018-12-25 13:13:38,SarahMillican75,Mr_Picard,1,0,1,Have a listen when you get a spare minute. https://aca.st/d31820 x #joinin,,,#joinin,1077552952250900480,https://twitter.com/SarahMillican75/status/1077552952250900480
2018-12-25 13:10:17,SarahMillican75,tm_spencer,1,0,4,Which Scrooge? I like the Albert Finny version. No need to contemplate Second Dinner. PERMISSION GRANTED. #joinin,,,#joinin,1077552109900517378,https://twitter.com/SarahMillican75/status/1077552109900517378
2018-12-25 13:09:30,SarahMillican75,zoiiel90,4,1,22,"Hi Zoe, you’re doing great. Today can be the pits. Can you put the telly on to kill some time? #joinin",,,#joinin,1077551914215198720,https://twitter.com/SarahMillican75/status/1077551914215198720
2018-12-25 13:08:34,SarahMillican75,Scriblit,2,1,7,"You mean, granules and the kettle yes? #joinin",,,#joinin,1077551678042370048,https://twitter.com/SarahMillican75/status/1077551678042370048
2018-12-25 13:08:12,SarahMillican75,diabetic_me,8,1,22,What are we chatting about then? What are you watching on telly later? #joinin,,,#joinin,1077551586937921536,https://twitter.com/SarahMillican75/status/1077551586937921536
2018-12-25 13:07:16,SarahMillican75,LPC1231,1,1,3,I’m so glad we helped lift you a bit. Enjoy your dinner. Looking forward to that smiling photo. Xxx #joinin,,,#joinin,1077551348688871426,https://twitter.com/SarahMillican75/status/1077551348688871426
2018-12-25 13:06:22,SarahMillican75,teresatrousers,1,1,15,"So sorry to hear that, Teresa. I’m so glad she had you to look after her. We are here if you need us. Got anyone with you to chat about her with? #joinin",,,#joinin,1077551125551812608,https://twitter.com/SarahMillican75/status/1077551125551812608
2018-12-25 13:05:24,SarahMillican75,TMcCMac1,1,0,47,Oh so sorry for your loss. That’s so very sad. Mac looks like he will keep you company and make you smile. I hope so. Animals are so wonderful to us. Here’s one of mine. #joininpic.twitter.com/j2Nba6zKtD,,,#joininpic,1077550881766363136,https://twitter.com/SarahMillican75/status/1077550881766363136
2018-12-25 13:02:42,SarahMillican75,EvieFarmer20,1,1,4,"Sending lots of love, Evie. #joinin",,,#joinin,1077550200892346369,https://twitter.com/SarahMillican75/status/1077550200892346369
2018-12-25 13:01:01,SarahMillican75,PrivateNemo,0,0,1,"So sorry for your loss, John. Sending humbuggy hugs to you and your dad. #joinin xx",,,#joinin,1077549777334796289,https://twitter.com/SarahMillican75/status/1077549777334796289
2018-12-25 12:59:13,SarahMillican75,kirstystew,2,1,62,Good lass re Quality Street. Sweets go in a separate stomach. #joinin,,,#joinin,1077549323448135680,https://twitter.com/SarahMillican75/status/1077549323448135680
2018-12-25 12:42:47,SarahMillican75,commoner64,1,0,4,Hello!,,,,1077545188434812928,https://twitter.com/SarahMillican75/status/1077545188434812928
2018-12-25 12:42:23,SarahMillican75,leemears88,2,0,10,It really can. Sending love. How are you doing? #joinin,,,#joinin,1077545087431782400,https://twitter.com/SarahMillican75/status/1077545087431782400
2018-12-25 12:40:48,SarahMillican75,fitzz7,1,0,4,"That is so nice. I love it when that happens. Got any nice treats in to eat, Tony? #joinin",,,#joinin,1077544689606246400,https://twitter.com/SarahMillican75/status/1077544689606246400
2018-12-25 12:40:03,SarahMillican75,KathrynHavelock,2,0,3,Sending hugs and love to both of you. Such a tough time of year when you’ve lost someone close. So sorry for your losses. Hope you can chat to people who knew your mams and tell stories about them. #joinin,,,#joinin,1077544499629441024,https://twitter.com/SarahMillican75/status/1077544499629441024
2018-12-25 12:37:11,SarahMillican75,,549,44,1994,What are we all watching on telly today then? I vote for @bbcstrictly at 5:30pm please. What else? #joinin,,@bbcstrictly,#joinin,1077543778167205888,https://twitter.com/SarahMillican75/status/1077543778167205888
2018-12-25 12:36:14,SarahMillican75,,0,0,2,"Hello, sorry you’re having a tough time. Sending lots of love. #joinin",,,#joinin,1077543539192619008,https://twitter.com/SarahMillican75/status/1077543539192619008
2018-12-25 12:33:45,SarahMillican75,LeaMerone,3,0,1,Guess again... #joinin,,,#joinin,1077542916023902208,https://twitter.com/SarahMillican75/status/1077542916023902208
2018-12-25 12:33:03,SarahMillican75,Shelleyrosejo,3,0,27,"That is hard, Shelley. You’re doing a great job. Stay strong. And dip in on here when you need to. We’re all here for you. #joinin",,,#joinin,1077542738038538241,https://twitter.com/SarahMillican75/status/1077542738038538241
2018-12-25 12:31:54,SarahMillican75,,54,47,995,"#joinin Here is a video of my best boy, Commander Tuvok eating his Christmas treats. Sound on for crunchy noises.pic.twitter.com/cBJ4BDoS5s",,,#joinin,1077542451504730112,https://twitter.com/SarahMillican75/status/1077542451504730112
2018-12-25 12:27:18,SarahMillican75,SaltireLady,3,0,60,"We are all here. Plus, no need to wear a bra for us! #joinin",,,#joinin,1077541291645374464,https://twitter.com/SarahMillican75/status/1077541291645374464
2018-12-25 12:26:43,SarahMillican75,Blackloop4,1,0,3,Good plans. Lots of love. #joinin,,,#joinin,1077541145356439553,https://twitter.com/SarahMillican75/status/1077541145356439553
2018-12-25 12:25:57,SarahMillican75,SambinoChildish,1,0,6,"Hello, so sorry to hear of your loss. It’s so hard to be strong for others when you yourself are grieving too. Sending lots of love. Christmas is hard. I’m sure your friends would like to you know you need some company. Also, we’re all here too. #joinin xxx",,,#joinin,1077540952691097600,https://twitter.com/SarahMillican75/status/1077540952691097600
2018-12-25 12:23:37,SarahMillican75,localdad1,1,1,9,Lovely Treacle. #joinin,,,#joinin,1077540363852759041,https://twitter.com/SarahMillican75/status/1077540363852759041
2018-12-25 12:23:04,SarahMillican75,blckburn,0,0,9,"Hello, I’m so sorry you’re having a tough time. Christmas can be really hard. Sending lots of love to you. Lots of nice folk to chat to on here if you need them. #joinin xxx",,,#joinin,1077540225944039425,https://twitter.com/SarahMillican75/status/1077540225944039425
2018-12-25 12:20:54,SarahMillican75,FlumblesMum,2,0,3,"They sound like ace plans, Angie. Palms violets gin? Who knew such a thing existed! #joinin",,,#joinin,1077539682362294277,https://twitter.com/SarahMillican75/status/1077539682362294277
2018-12-25 12:19:44,SarahMillican75,Michele1960Pym,1,0,19,Thanks for doing that Michele. And thanks to all of the @samaritans. They do such an amazing job. Xx #joinin,,@samaritans,#joinin,1077539388509302786,https://twitter.com/SarahMillican75/status/1077539388509302786
2018-12-25 12:19:05,SarahMillican75,,1,4,347,Huge hugs to you Tracy. What a tough time. I’m not surprised you’re struggling. Sending lots of love. Lots of people here for you if you need them. Xx #joinin,,,#joinin,1077539225678069760,https://twitter.com/SarahMillican75/status/1077539225678069760
2018-12-25 12:17:43,SarahMillican75,CarolineAldrid5,0,0,1,Thanks Caroline x,,,,1077538881665466368,https://twitter.com/SarahMillican75/status/1077538881665466368
2018-12-25 12:16:53,SarahMillican75,MoshMoses,1,0,1,Sending love to you. #joinin,,,#joinin,1077538670041812992,https://twitter.com/SarahMillican75/status/1077538670041812992
2018-12-25 12:15:23,SarahMillican75,Hollie_Babbitt,1,0,32,"That sounds understandable, Hollie. So sorry you’re having to deal with this. Sending lots of love and cat strokes. #joinin",,,#joinin,1077538293565263872,https://twitter.com/SarahMillican75/status/1077538293565263872
2018-12-25 12:11:55,SarahMillican75,louvb,0,0,3,We are here if you need us. Just use the hashtag #joinin. X,,,#joinin,1077537419363344386,https://twitter.com/SarahMillican75/status/1077537419363344386
2018-12-25 12:11:17,SarahMillican75,Mr_Picard,2,0,1,Was Clayton Farlow the character played by Howard Keel? Have you seen him in 7 Brides for 7 Brothers? JR and Sue Ellen are excellent characters. We had Stephanie Beacham on @StandardIssueUK podcast last December and she was incredible! #joinin,,@StandardIssueUK,#joinin,1077537261867188224,https://twitter.com/SarahMillican75/status/1077537261867188224
2018-12-25 12:06:51,SarahMillican75,hookyhelen,1,0,2,"Sending love, Helen. #joinin",,,#joinin,1077536147813871616,https://twitter.com/SarahMillican75/status/1077536147813871616
2018-12-25 12:06:22,SarahMillican75,Kerry_Evenden,1,0,11,They are a bunch of smashers. That is a fact. Much love to you friend. That’s so sad. #joinin,,,#joinin,1077536023679287297,https://twitter.com/SarahMillican75/status/1077536023679287297
2018-12-25 12:05:52,SarahMillican75,hiya_itslauren,1,0,2,"That is rubbish, Lauren. Have you got anything fun planned for after you finish work? #joinin",,,#joinin,1077535900446457858,https://twitter.com/SarahMillican75/status/1077535900446457858
2018-12-25 12:05:19,SarahMillican75,Incognito_scd,1,0,5,Oh I’m sorry Lauren. That is so hard. Sending lots of love. #joinin,,,#joinin,1077535758016221184,https://twitter.com/SarahMillican75/status/1077535758016221184
2018-12-25 12:04:56,SarahMillican75,wintersglitch,0,0,22,Families can be tricky. Look after yourself xx #joinin,,,#joinin,1077535663895896064,https://twitter.com/SarahMillican75/status/1077535663895896064
2018-12-25 12:03:43,SarahMillican75,blckburn,0,0,1,,,,,1077535355459588096,https://twitter.com/SarahMillican75/status/1077535355459588096
2018-12-25 12:03:37,SarahMillican75,GordoGabbles,1,0,7,,,,,1077535334051823623,https://twitter.com/SarahMillican75/status/1077535334051823623
2018-12-25 12:03:11,SarahMillican75,TMcCMac1,3,0,12,"Well, he looks adorable. They are some good plans. #joinin",,,#joinin,1077535223699652608,https://twitter.com/SarahMillican75/status/1077535223699652608
2018-12-25 12:02:46,SarahMillican75,ANNFERGUSSON,1,0,7,Oh good lass. #joinin,,,#joinin,1077535116895891457,https://twitter.com/SarahMillican75/status/1077535116895891457
2018-12-25 12:02:10,SarahMillican75,SaltireLady,1,0,6,Sorry to hear that. Families can be complicated. Have you got anyone with you today? X #joinin,,,#joinin,1077534965880012801,https://twitter.com/SarahMillican75/status/1077534965880012801
2018-12-25 12:01:31,SarahMillican75,LondonLadAnt,61,2,136,Good question! @jennyeclair @davidwalliams @ClaudiaWinkle @RomeshRanga and @JasonManford. You?https://twitter.com/LondonLadAnt/status/1077533750039363584 …,,@jennyeclair @davidwalliams @ClaudiaWinkle @RomeshRanga @JasonManford,,1077534802381860865,https://twitter.com/SarahMillican75/status/1077534802381860865
2018-12-25 11:58:19,SarahMillican75,ANNFERGUSSON,1,0,5,I’m so glad. Have you got anything nice in to eat? #joinin,,,#joinin,1077533997046132736,https://twitter.com/SarahMillican75/status/1077533997046132736
2018-12-25 11:58:01,SarahMillican75,TMcCMac1,1,0,12,I’m so glad. Got any telly plans later? X #joinin,,,#joinin,1077533924694335488,https://twitter.com/SarahMillican75/status/1077533924694335488
2018-12-25 11:53:21,SarahMillican75,,147,1137,4564,"Thank you to everyone who is chatting on #joinin. If you are feeling rubbish and would like some company, make yourself known. And always use the hashtag #joinin so that everyone can see you. Love to all.",,,#joinin #joinin,1077532749148377089,https://twitter.com/SarahMillican75/status/1077532749148377089
2018-12-25 10:44:11,SarahMillican75,,395,212,4184,"We’ve opened the biscuits. #joinin Dive in, everyone. pic.twitter.com/M90OeU011j",,,#joinin,1077515340312133632,https://twitter.com/SarahMillican75/status/1077515340312133632
2018-12-25 10:24:33,SarahMillican75,RabbleChorus,0,0,8,"Sending lots of love, Kirsty. #joinin",,,#joinin,1077510402060230657,https://twitter.com/SarahMillican75/status/1077510402060230657
2018-12-25 10:23:45,SarahMillican75,tragicsupergirl,0,0,6,You will find your feet in time. Just take your time. There’s no rush. And allow yourself to feel sad when you need to. Thinking of you. #joinin,,,#joinin,1077510199865495552,https://twitter.com/SarahMillican75/status/1077510199865495552
2018-12-25 10:22:36,SarahMillican75,,0,0,3,"Haha. He’s a clever little one. Have a good day, Hannah #joinin",,,#joinin,1077509911624540160,https://twitter.com/SarahMillican75/status/1077509911624540160
2018-12-25 10:21:27,SarahMillican75,laurens19287,2,0,19,Sending love to you and yours Lauren. That’s a tricky time for sure. #joinin,,,#joinin,1077509620074188800,https://twitter.com/SarahMillican75/status/1077509620074188800
2018-12-25 10:20:41,SarahMillican75,counsel30,2,0,35,"They are beautiful! Here is mine, Commander Tuvok. He is the light of my life. Enjoy your walk. #joininpic.twitter.com/7Q9i16zjTY",,,#joininpic,1077509429107585026,https://twitter.com/SarahMillican75/status/1077509429107585026
2018-12-25 10:18:06,SarahMillican75,Mr_Picard,2,1,21,"Old Dallas episodes? Oh my gosh, that might be the best way to spend today. I bloody loved Dallas. And Dynasty. Patrick Duffy #joininpic.twitter.com/S2IsWzoEb6",,,#joininpic,1077508778218700801,https://twitter.com/SarahMillican75/status/1077508778218700801
2018-12-25 10:15:50,SarahMillican75,AnitaSGera,1,0,5,"Ah a very early Merry Christmas to you Jamez and also, Anita’s kids. Much love to all. #joinin",,,#joinin,1077508209307537408,https://twitter.com/SarahMillican75/status/1077508209307537408
2018-12-25 10:12:42,SarahMillican75,transkid0,1,0,48,"Your cousin sounds like a good start. Stick with her like glue. She (and we) will get you through today. All other days are easier than Christmas Day, remember that. X #joinin",,,#joinin,1077507419293601792,https://twitter.com/SarahMillican75/status/1077507419293601792
2018-12-25 10:11:06,SarahMillican75,DavidKeech5,1,0,3,Merry christmas to you and the Duke xx #joinin,,,#joinin,1077507015717601280,https://twitter.com/SarahMillican75/status/1077507015717601280
2018-12-25 10:07:42,SarahMillican75,SarahMillican75,1,0,0,You okay? Xx,,,,1077506159270117376,https://twitter.com/SarahMillican75/status/1077506159270117376
2018-12-25 10:05:34,SarahMillican75,SarahMillican75,1,0,6,"Ah you’re so welcome. It’s all the smashers on here that make #joinin what it is. Sorry you have tough family members to deal with but I think that’s the case for a lot of people. It’s just a day at least! I’m good thanks. Everyone else is asleep here, even the animals!",,,#joinin,1077505622181060608,https://twitter.com/SarahMillican75/status/1077505622181060608
2018-12-25 09:57:23,SarahMillican75,CatrionaClarke,2,0,6,How are you doing today Catriona? #joinin,,,#joinin,1077503563419582464,https://twitter.com/SarahMillican75/status/1077503563419582464
2018-12-25 09:56:01,SarahMillican75,louvb,1,0,4,Oh God. That’s bloody terrible. So sorry. Have you got anyone with you? #joinin,,,#joinin,1077503219788591104,https://twitter.com/SarahMillican75/status/1077503219788591104
2018-12-25 09:51:13,SarahMillican75,Allie_Bky,5,0,72,"Hi Allie, sorry you’re feeling teary. I think that’s pretty normal at this time of you. It’s not christmas unless we’ve all had a little cry. Have you got any plans for today? Go out for a walk? Watch some telly? Eat something nice? #joinin",,,#joinin,1077502010642128896,https://twitter.com/SarahMillican75/status/1077502010642128896
2018-12-25 09:49:34,SarahMillican75,transkid0,1,0,50,I can see how that is tough. Is there a member of your family who is good to you? Could you stick to them? And yay for chocolate for breakfast. I was just wondering if that was allowed and you have given me permission! Xx #joinin,,,#joinin,1077501597033381888,https://twitter.com/SarahMillican75/status/1077501597033381888
2018-12-25 09:47:25,SarahMillican75,sukisue01,3,0,97,"Hiya Suzy, that does all sound very tough indeed. You’re a good one for not leaving your dad. Poor man. And poor you. Time will ease your pain but I know that doesn’t help you right now. Got anything nice in for you and dad to eat? Got any telly plans? #joinin",,,#joinin,1077501058216271878,https://twitter.com/SarahMillican75/status/1077501058216271878
2018-12-25 09:44:40,SarahMillican75,Nunya27106916,1,0,2,Hello! What time is it in Arizona? #joinin,,,#joinin,1077500365384368129,https://twitter.com/SarahMillican75/status/1077500365384368129
2018-12-25 09:43:47,SarahMillican75,Mr_Picard,2,0,13,"Sorry to hear that, Alexander. Sending lots of love and hugs. Got any plans for telly later? #joinin",,,#joinin,1077500140594839552,https://twitter.com/SarahMillican75/status/1077500140594839552
2018-12-25 09:43:12,SarahMillican75,counsel30,4,0,5,"What lovely dogs! What are they called, Malcolm? #joinin",,,#joinin,1077499993404071936,https://twitter.com/SarahMillican75/status/1077499993404071936
2018-12-25 09:41:01,SarahMillican75,emeroflaherty,0,0,3,Great tip! #joinin,,,#joinin,1077499446907359234,https://twitter.com/SarahMillican75/status/1077499446907359234
2018-12-25 09:40:32,SarahMillican75,monjo7474,2,0,52,I think you can do as much or as little at your sisters as you like. I’m sure she’ll understand. So sorry you’re having a tough time. Much love #joinin,,,#joinin,1077499323682906114,https://twitter.com/SarahMillican75/status/1077499323682906114
2018-12-25 09:39:14,SarahMillican75,druid_cat,2,0,5,It really can. Got any plans today? Any telly you fancy watching? #joinin,,,#joinin,1077498997730955265,https://twitter.com/SarahMillican75/status/1077498997730955265
2018-12-25 09:38:35,SarahMillican75,Gracebelieved,2,1,28,Thanks Grace. You’re a star. #joinin,,,#joinin,1077498831967842306,https://twitter.com/SarahMillican75/status/1077498831967842306
2018-12-25 09:38:07,SarahMillican75,,1,1,6,Ah much love to you and your little boy. Thank him for the note please? Got any telly plans today? #joinin,,,#joinin,1077498717664612353,https://twitter.com/SarahMillican75/status/1077498717664612353
2018-12-25 09:37:11,SarahMillican75,alisonrbcm,0,0,5,"Agreed, Alison. It enriches the soul. #joinin Beautiful pics.",,,#joinin,1077498481021984768,https://twitter.com/SarahMillican75/status/1077498481021984768
2018-12-25 09:36:00,SarahMillican75,transkid0,2,1,34,"We’re all here, Sophie. Got anything nice in to eat? #joinin",,,#joinin,1077498181997510656,https://twitter.com/SarahMillican75/status/1077498181997510656
2018-12-25 09:35:13,SarahMillican75,tragicsupergirl,0,0,2,"Also, that cake looks cracking. #joinin",,,#joinin,1077497987117522945,https://twitter.com/SarahMillican75/status/1077497987117522945
2018-12-25 09:34:52,SarahMillican75,tragicsupergirl,1,1,24,"Hi Marianne, so sorry you’re having such a rough time of it. I got divorced after 8 years and I can honestly say it’s one of the best things that happened to me. Easy to say that now as it’s 14 years ago but it will get easier. So sorry for your loss too. Sending love. #joinin",,,#joinin,1077497898751983616,https://twitter.com/SarahMillican75/status/1077497898751983616
2018-12-25 09:31:40,SarahMillican75,,8,248,599,"If anyone needs a laugh today, have a look at the #DuvetKnowItsChrismas hashtag set up by the brilliant @rhodri where folk share their Christmas sleeping arrangements in relatives houses. It’s worth a look and a giggle.",,@rhodri,#DuvetKnowItsChrismas,1077497093416194048,https://twitter.com/SarahMillican75/status/1077497093416194048
2018-12-25 09:27:20,SarahMillican75,toffeedave,1,0,20,Ah that’s very kind of you to say. I love watching comedy when I feel crap. It really helps. Would I Lie to You is a good one too. #joinin,,,#joinin,1077496000418328577,https://twitter.com/SarahMillican75/status/1077496000418328577
2018-12-25 09:25:54,SarahMillican75,Potts75Potts,1,0,0,Thanks!,,,,1077495641763401728,https://twitter.com/SarahMillican75/status/1077495641763401728
2018-12-25 09:25:40,SarahMillican75,,0,1,3,"@LPC1231 How are you this morning, Leigh? What time are you off to your friend’s house? #joinin x",,@LPC1231,#joinin,1077495582334349312,https://twitter.com/SarahMillican75/status/1077495582334349312
2018-12-25 09:24:02,SarahMillican75,hosm2368,2,0,24,"I was joining in at 2:30am when you were in the land of nod, you cheeky bugger. And you better not have had any of my strawberry creams! #joinin",,,#joinin,1077495171640688640,https://twitter.com/SarahMillican75/status/1077495171640688640
2018-12-25 09:22:51,SarahMillican75,SweeneyMags,1,0,12,"Sending lots of love, Margaret. Sorry you’ve had a tough time but glad you’re getting through it. #joinin",,,#joinin,1077494873383751680,https://twitter.com/SarahMillican75/status/1077494873383751680
2018-12-25 09:20:43,SarahMillican75,toffeedave,2,1,31,"So sorry for your loss, Dave. Stick with us on here today. Have you got any telly plans later? And tea is coming up. #joinin",,,#joinin,1077494337288790017,https://twitter.com/SarahMillican75/status/1077494337288790017
2018-12-25 09:17:34,SarahMillican75,vlbemma,2,0,1,"Hiya Emma, how are you doing? Got any telly plans later? #joinin",,,#joinin,1077493542778531840,https://twitter.com/SarahMillican75/status/1077493542778531840
2018-12-25 09:16:53,SarahMillican75,NoelleTerrill,1,0,20,"So sorry for your loss, Noelle. I’m glad you have your Mom. Sending hugs to you both. #joinin",,,#joinin,1077493373718724608,https://twitter.com/SarahMillican75/status/1077493373718724608
2018-12-25 09:16:06,SarahMillican75,Blackloop4,1,0,15,"Hiya Luna, have you got any telly plans later? #joinin",,,#joinin,1077493176687050752,https://twitter.com/SarahMillican75/status/1077493176687050752
2018-12-25 09:13:17,SarahMillican75,,478,4696,10658,"Morning all and a Merry Christmas to each and every one of you. If you want some company - feeling lonely or low - then we are here. Always use the hashtag #joinin, that way people can see you. Let yourself be known to us. I’ve got the kettle on. Who wants a cuppa?pic.twitter.com/4gGlI0Di6C",,,#joinin,1077492465588944897,https://twitter.com/SarahMillican75/status/1077492465588944897
2018-12-25 01:53:27,SarahMillican75,LPC1231,3,0,13,"Haha. 1982, you’re just a bairn! Sleep well, Leigh. Speak in the morning. X #joinin",,,#joinin,1077381778770403328,https://twitter.com/SarahMillican75/status/1077381778770403328
2018-12-25 01:48:31,SarahMillican75,LPC1231,0,0,11,"Please do. Also, what’s your first name? Feels silly calling you LPC1231. And thank you @paulross for bringing you to us! #joinin",,@paulross,#joinin,1077380537524867073,https://twitter.com/SarahMillican75/status/1077380537524867073
2018-12-25 01:47:21,SarahMillican75,LanyTennant,0,0,1,Accepted! I’ll take all I can get.,,,,1077380242648563713,https://twitter.com/SarahMillican75/status/1077380242648563713
2018-12-25 01:46:53,SarahMillican75,,87,1404,3166,"For those doing #joinin, click the hashtag and get chatting to people there. There are people who are needing some company there right now. You can make contact, listen, make them smile. Thank you from the bottom of my heart.",,,#joinin,1077380126772482048,https://twitter.com/SarahMillican75/status/1077380126772482048
2018-12-25 01:43:02,SarahMillican75,LanyTennant,1,0,3,"I’m so sorry for your loss, Lany. Sending lots of love and hugs to you. #joinin",,,#joinin,1077379159272378368,https://twitter.com/SarahMillican75/status/1077379159272378368
2018-12-25 01:42:16,SarahMillican75,LPC1231,0,1,28,I will hold you to that. I’m so looking forward to that photo. And let’s see re IT. Let’s chat in the morning again. Get some sleep. And I’m glad you’ve made some pals tonight. #joinin,,,#joinin,1077378962542788608,https://twitter.com/SarahMillican75/status/1077378962542788608
2018-12-25 01:32:40,SarahMillican75,SarahMillican75,1,1,25,What is it you normally do for a living? Let’s see if anyone out there tomorrow can help you. #joinin,,,#joinin,1077376550406946816,https://twitter.com/SarahMillican75/status/1077376550406946816
2018-12-25 01:31:09,SarahMillican75,LPC1231,2,0,34,I’m so sorry you’re having such a tough time. Stick to Twitter tomorrow. We’ll all be here if you need us. Sending lots of love and hugs to you. Xxx,,,,1077376167911608325,https://twitter.com/SarahMillican75/status/1077376167911608325
2018-12-25 01:16:36,SarahMillican75,LPC1231,1,0,142,"Also, you can totally cry. If you don’t feel like you can cry to your pal and his family (I’m sure you could) then go to the loo and have a few tears. I’ve cried on so many trains, love. It really helps to let it out. Talk to your friend if you can. Or us, talk to us #joinin",,,#joinin,1077372506531610624,https://twitter.com/SarahMillican75/status/1077372506531610624
2018-12-25 01:15:11,SarahMillican75,LPC1231,0,0,2,"When I’m low, a friend told me this which I find helps. “Just because this is how you feel right now, doesn’t mean it’s how you’ll always feel.” That helps me. Knowing that everything is always changing. Will you be seeing your daughter soon? I’m sure she’s looking forward to it.",,,,1077372147851513857,https://twitter.com/SarahMillican75/status/1077372147851513857
2018-12-25 01:13:31,SarahMillican75,LPC1231,0,0,4,"Hi, I’m sorry you’re having such a tough time. I know you think everyone is happy at this time of year but that’s what adverts make us think. Most people are just getting through it. You’re not fucked up. You’re just having a shitty time, flower. 1/2",,,,1077371730614779904,https://twitter.com/SarahMillican75/status/1077371730614779904
2018-12-25 00:41:37,SarahMillican75,,240,3712,7268,"Right, lovely Twitter people. I’m off to bed and will see you tomorrow for #joinin should you fancy it. If you’re in a part of the world where it’s already morning, feel free to get started without me. Here’s how it works.pic.twitter.com/frkeZ7tyhR",,,#joinin,1077363699931844608,https://twitter.com/SarahMillican75/status/1077363699931844608